{
  "SVM": {
    "auc": 0.9880879999999999,
    "f1_macro": 0.9639929426167528,
    "accuracy": 0.964
  },
  "RF": {
    "auc": 0.9777440000000001,
    "f1_macro": 0.9248610681149445,
    "accuracy": 0.925
  },
  "XGB": {
    "auc": 0.99666,
    "f1_macro": 0.9759952950778352,
    "accuracy": 0.976
  },
  "GB": {
    "auc": 0.993796,
    "f1_macro": 0.9599897573778887,
    "accuracy": 0.96
  }
}